INSERT INTO users (id, name, surname, dob, pps, address, phone_number, email, nationality, password, lastactivity, gender, first_dose, second_dose, mfa_enabled, mfa_confirmed, totp_secret) VALUES (100, '5C2C9B69072951CCE00751EC4DAE5087', '5C2C9B69072951CCE00751EC4DAE5087', '2075CC2CA218E52ECB6D5BFEE2789DE7', '0', 'N/A', 'N/A', 'admin@hse.ie', '0', '$2a$10$RCr../maQgaq24SD9xVPC..dX5BwAfN.dnTXuuBMA3W.0qg5JEg5m', 4,0,1,1, false, false, 'admin');
INSERT INTO users (id, name, surname, dob, pps, address, phone_number, email, nationality, password, lastactivity, gender, first_dose, second_dose, mfa_enabled, mfa_confirmed, totp_secret) VALUES (1, 'BB9021467940C61A55C30B86C1B7A398', 'BB9021467940C61A55C30B86C1B7A398', 'EAAEE87BFE5AE91FB14C6A3AB17A4BB3', '1', 'N/A', '0', 'staff@hse.ie', '2', '$2a$10$PA3CZJ0/s21xyph1reHhnO309htdArBVkUsf83IpNz/3uaUHvHDzK', 4,1,1,1, false, false, 'admin');
INSERT INTO users (id, name, surname, dob, pps, address, phone_number, email, nationality, password, lastactivity, gender, first_dose, second_dose, mfa_enabled, mfa_confirmed, totp_secret) VALUES (2, '19D5C713E07F42F3C0CFF70FDEF95369', '19D5C713E07F42F3C0CFF70FDEF95369', '2075CC2CA218E52ECB6D5BFEE2789DE7', '2', 'N/A', '00', 'vaccinator@hse.ie', '20', '$2a$10$WgASl3pXw5UKSLe94HAvi.LGj3vWwF9NVO1MOWoYZogxmYW2kR/q6', 4,2,1,1, false, false, 'admin');
INSERT INTO users (id, name, surname, dob, pps, address, phone_number, email, nationality, password, lastactivity, gender, mfa_enabled, mfa_confirmed, totp_secret) VALUES (3, 'user', 'user', '4BAE292158C430B108C3A08FD209801C', '3', 'N/A', '000', 'user@hse.ie', '10', '$2a$10$YsUF7gdAsfP7JGdFM0zyJub/xE2BQQMUN938LzE5j61dw.LQszjZS', 0,3, false, false, 'admin');
INSERT INTO users (id, name, surname, dob, pps, address, phone_number, email, nationality, password, lastactivity, gender, mfa_enabled, mfa_confirmed, totp_secret) VALUES (4, 'user2', 'user2', '06DBC7C0C0615DA037144693456FDFCD', '4', 'N/A', '002', 'user2@hse.ie', '12', '$2a$10$YsUF7gdAsfP7JGdFM0zyJub/xE2BQQMUN938LzE5j61dw.LQszjZS', 1,4, false, false, 'admin');
INSERT INTO users (id, name, surname, dob, pps, address, phone_number, email, nationality, password, lastactivity, gender, mfa_enabled, mfa_confirmed, totp_secret) VALUES (5, 'user3', 'user3', 'A2FBD0711E689107748C2A315DD035D2', '5', 'N/A', '003', 'user3@hse.ie', '15', '$2a$10$YsUF7gdAsfP7JGdFM0zyJub/xE2BQQMUN938LzE5j61dw.LQszjZS', 2,2, false, false, 'admin');
INSERT INTO users (id, name, surname, dob, pps, address, phone_number, email, nationality, password, lastactivity, gender, mfa_enabled, mfa_confirmed, totp_secret) VALUES (6, 'user4', 'user4', '7179B37DEE54DBA8A0B22920ACA78910', '6', 'N/A', '004', 'user4@hse.ie', '14', '$2a$10$YsUF7gdAsfP7JGdFM0zyJub/xE2BQQMUN938LzE5j61dw.LQszjZS', 3,1, false, false, 'admin');
INSERT INTO users (id, name, surname, dob, pps, address, phone_number, email, nationality, password, lastactivity, gender, mfa_enabled, mfa_confirmed, totp_secret) VALUES (7, 'user5', 'user5', 'D928850B641C600180FB38190D28D0DB', '7', 'N/A', '005', 'user5@hse.ie', '5', '$2a$10$YsUF7gdAsfP7JGdFM0zyJub/xE2BQQMUN938LzE5j61dw.LQszjZS', 4,0, false, false, 'admin');
INSERT INTO roles (name) VALUES ('ADMIN');
INSERT INTO roles (name) VALUES ('USER');
INSERT INTO roles (name) VALUES ('STAFF');
INSERT INTO roles (name) VALUES ('VACCINATOR');
INSERT INTO user_roles(user_id, role_id) VALUES (100, 1);
INSERT INTO user_roles(user_id, role_id) VALUES (2, 3);
INSERT INTO user_roles(user_id, role_id) VALUES (2, 4);
INSERT INTO user_roles(user_id, role_id) VALUES (1, 2);
INSERT INTO user_roles(user_id, role_id) VALUES (2, 2);
INSERT INTO user_roles(user_id, role_id) VALUES (3, 2);
INSERT INTO user_roles(user_id, role_id) VALUES (4, 2);
INSERT INTO user_roles(user_id, role_id) VALUES (5, 2);
INSERT INTO user_roles(user_id, role_id) VALUES (6, 2);
INSERT INTO user_roles(user_id, role_id) VALUES (7, 2);
INSERT INTO user_roles(user_id, role_id) VALUES (100, 2);
INSERT INTO appointments(date, time, available, vaccination_center, appointment_type, complete, user_id) VALUES ('10/3/2022', '9:00', false, 1, 1, false, 4);
INSERT INTO appointments(date, time, available, vaccination_center, appointment_type, complete, user_id) VALUES ('10/3/2022', '9:15', false, 2, 2, false, 1);
INSERT INTO appointments(date, time, available, vaccination_center, appointment_type, complete, user_id) VALUES ('10/3/2022', '9:30', false, 2, 2, false, 6);
